従業員コード,氏名,所属,出勤日数,実労働時間(h)
E001,三田 統括,本部,21,172.0
E002,佐藤 企画,本部,21,170.8
E101,鈴木 店長,渋谷店,26,211.0
E102,田中 スタッフ,渋谷店,22,116.0
E201,高橋 店長,横浜店,26,210.2
E202,伊藤 スタッフ,横浜店,22,117.0
E301,渡辺 店長,川崎店,26,211.5
E302,山本 スタッフ,川崎店,22,121.0
E401,中村 店長,大宮店,26,210.8
E402,小林 スタッフ,大宮店,22,127.0
E501,加藤 店長,千葉店,26,211.0
E502,吉田 スタッフ,千葉店,22,115.0
