従業員コード,氏名,所属,給与区分,単価
E001,三田 統括,本部,月給,350000
E002,佐藤 企画,本部,月給,240000
E101,鈴木 店長,渋谷店,月給,280000
E102,田中 スタッフ,渋谷店,時給,1250
E201,高橋 店長,横浜店,月給,280000
E202,伊藤 スタッフ,横浜店,時給,1200
E301,渡辺 店長,川崎店,月給,280000
E302,山本 スタッフ,川崎店,時給,1150
E401,中村 店長,大宮店,月給,280000
E402,小林 スタッフ,大宮店,時給,1150
E501,加藤 店長,千葉店,月給,280000
E502,吉田 スタッフ,千葉店,時給,1150
